<?xml version="1.0" encoding="utf-8"?>
<Files xmlns:xsi="http://www.w3.org/2001/XMLSchema-instance" xmlns:xsd="http://www.w3.org/2001/XMLSchema">
  <File Name="cfg/VMInfo.json" Hash="E3-7F-7E-8A-53-E9-CD-4E-33-FC-06-22-6E-EF-27-7E" />
  <File Name="htdocs/181c965b58b584759d5f.svg" Hash="D5-26-85-7C-F2-61-4A-79-DB-35-5E-8C-72-70-81-7E" />
  <File Name="htdocs/33c1fcc704ee14a23ba4.svg" Hash="41-7D-CE-83-58-DE-C5-B5-BB-CE-3D-80-8E-B4-F7-0B" />
  <File Name="htdocs/3db33261feae6a66fb15.svg" Hash="96-30-BF-60-92-C2-80-4F-E0-34-8D-44-C7-E8-B9-D3" />
  <File Name="htdocs/55eaa8cb197a842a24e9.svg" Hash="68-C0-FF-D1-8B-32-E9-2E-03-8E-EA-0A-39-DD-78-CD" />
  <File Name="htdocs/5ea9009e02b1cc270bc3.svg" Hash="33-30-90-1E-F7-17-AA-B9-41-F7-A6-FE-87-28-1C-EA" />
  <File Name="htdocs/606.bundle.js" Hash="5D-5E-23-25-56-87-13-48-6D-99-88-E6-C3-AF-D0-C5" />
  <File Name="htdocs/606.bundle.js.LICENSE.txt" Hash="4E-0E-34-F2-65-FA-E8-F3-3B-01-B2-7A-E2-9D-9D-6F" />
  <File Name="htdocs/606.bundle.js.map" Hash="7A-9B-0B-99-D2-03-23-5A-3C-40-A4-6B-A4-02-22-C6" />
  <File Name="htdocs/79826a1ee91fe4e1546a.svg" Hash="CD-62-67-CA-E9-5C-58-3A-D6-35-66-16-EF-23-AB-06" />
  <File Name="htdocs/7dcb6368dc7dc3359e3b.svg" Hash="66-36-C5-2E-80-DD-12-30-5B-44-17-44-5C-F5-09-18" />
  <File Name="htdocs/8772cdf7e222ae8d018a.svg" Hash="86-58-10-00-93-08-60-F1-2C-34-07-94-0C-51-05-D3" />
  <File Name="htdocs/87f49a440b3f6b8a73a3.svg" Hash="04-CD-30-49-AC-2E-76-A7-99-36-44-B3-19-46-01-A0" />
  <File Name="htdocs/92027d0501a174b56f03.svg" Hash="DA-C6-81-18-D5-C4-40-62-F2-EF-09-BA-26-30-FE-62" />
  <File Name="htdocs/a3734dc6efc2d3a13a3d.svg" Hash="F7-C8-42-BD-E5-1C-76-73-34-F0-FA-63-31-30-CD-1E" />
  <File Name="htdocs/ba44919096f419c61379.svg" Hash="A7-B3-CF-06-86-9C-14-A7-8C-14-71-28-72-AE-5A-A9" />
  <File Name="htdocs/bd8972fdd9cf63323e42.svg" Hash="10-63-2C-83-72-4E-B4-F4-04-7C-AF-27-0B-0C-80-7B" />
  <File Name="htdocs/favicon.png" Hash="8F-E9-E1-2C-A9-87-2A-AD-5B-E7-EA-64-A5-16-E1-20" />
  <File Name="htdocs/generated/actions.js" Hash="21-95-2B-BE-2B-AF-3F-00-FD-B6-D9-5C-A6-D1-3E-98" />
  <File Name="htdocs/generated/datatypes.js" Hash="5D-08-66-C9-B4-BB-2A-91-97-0F-DC-E3-99-83-0B-D0" />
  <File Name="htdocs/generated/globalparams.js" Hash="48-00-5D-4C-8B-9A-0C-2B-5A-D5-B9-F1-FA-85-8A-3A" />
  <File Name="htdocs/generated/index.js" Hash="61-69-46-75-FD-21-7D-AE-24-D5-68-CD-40-66-C0-05" />
  <File Name="htdocs/generated/links.js" Hash="2A-2F-C2-B2-0E-53-6D-A9-4B-17-87-F3-1D-33-F2-CC" />
  <File Name="htdocs/generated/permissions.js" Hash="CA-B3-F9-08-3B-FC-56-33-5C-08-05-34-0A-7C-C0-4E" />
  <File Name="htdocs/generated/resourcesList.js" Hash="8A-DB-7E-78-8E-DF-68-6E-99-C8-73-41-5B-3B-D8-43" />
  <File Name="htdocs/generated/svgtemplates.js" Hash="C8-1E-26-3C-E5-47-D3-FD-5A-03-4A-96-79-6B-35-75" />
  <File Name="htdocs/generated/TaskList.js" Hash="5B-DF-FB-C9-14-14-6D-96-4A-77-3B-94-0E-A9-60-9F" />
  <File Name="htdocs/generated/windefs.js" Hash="0D-60-F6-C0-A5-AD-F1-36-76-8A-80-5E-C9-9A-5D-01" />
  <File Name="htdocs/index.html" Hash="E1-33-34-43-66-F9-D9-A0-CD-BA-58-2C-A5-25-D3-91" />
  <File Name="htdocs/lib/axios.min.js" Hash="B9-02-C1-4B-F3-3B-10-FB-93-5B-76-C2-B4-DC-81-AB" />
  <File Name="htdocs/lib/crayons/crayons.esm.js" Hash="03-B0-61-E3-A3-CC-2A-BC-60-BB-FE-A5-E6-43-59-12" />
  <File Name="htdocs/lib/crayons/crayons.js" Hash="8E-E2-32-25-3D-F3-D9-99-0F-29-59-72-9C-A6-CA-96" />
  <File Name="htdocs/lib/crayons/crayons.js.LICENSE.txt" Hash="90-B6-B1-56-A5-F6-28-10-ED-DC-91-89-AE-0E-43-D4" />
  <File Name="htdocs/lib/crayons/index.esm.js" Hash="E8-49-BF-12-56-99-D1-7F-1B-84-2B-96-61-54-0D-A5" />
  <File Name="htdocs/lib/crayons/p-00094337.js" Hash="24-2F-3A-38-60-CD-68-06-51-81-BB-A1-5D-74-78-0B" />
  <File Name="htdocs/lib/crayons/p-009162cf.js" Hash="60-F1-BA-EA-79-E4-85-5E-90-AB-DA-6C-41-DC-6A-1E" />
  <File Name="htdocs/lib/crayons/p-0244fedc.system.js" Hash="FD-CF-C2-45-E3-19-5B-DF-1C-8F-13-73-98-6E-55-E5" />
  <File Name="htdocs/lib/crayons/p-02d1990a.system.js" Hash="1A-E0-DA-D1-42-1F-16-59-2E-D7-73-BE-A2-EF-A2-5B" />
  <File Name="htdocs/lib/crayons/p-03219a2e.js" Hash="B5-54-61-79-68-18-03-D2-F0-F4-E6-1B-7F-20-B6-FD" />
  <File Name="htdocs/lib/crayons/p-037e7262.js" Hash="72-EB-E8-A8-55-CD-7F-AB-A1-73-5D-23-E2-40-85-80" />
  <File Name="htdocs/lib/crayons/p-0419a63f.system.entry.js" Hash="AE-0A-E6-62-41-1C-A2-F5-71-90-49-6F-07-9C-BB-4D" />
  <File Name="htdocs/lib/crayons/p-042feba1.js" Hash="98-E7-A6-EA-2D-AC-C8-72-F4-B9-D7-C1-53-E0-56-EE" />
  <File Name="htdocs/lib/crayons/p-04aa5927.system.js" Hash="91-76-22-B5-C9-A4-AE-D5-CE-39-8B-0F-8B-95-E4-6A" />
  <File Name="htdocs/lib/crayons/p-05d0ccfb.system.js" Hash="66-0E-12-71-C0-76-32-07-40-DA-B2-AA-EF-08-EE-9E" />
  <File Name="htdocs/lib/crayons/p-05d88764.system.js" Hash="4F-B8-B6-54-24-F7-9A-C2-6D-8B-87-C7-A3-5A-AD-13" />
  <File Name="htdocs/lib/crayons/p-066756f7.entry.js" Hash="8C-E9-2F-5B-80-B7-AF-FB-47-2C-A8-47-C1-C4-B1-94" />
  <File Name="htdocs/lib/crayons/p-06a9b64d.system.js" Hash="3E-FA-CB-3F-5F-8A-99-88-74-28-8F-00-73-CA-A0-94" />
  <File Name="htdocs/lib/crayons/p-07136b91.system.entry.js" Hash="A8-FC-B1-13-3C-E6-24-A3-AB-08-80-8C-E8-D0-21-96" />
  <File Name="htdocs/lib/crayons/p-07e2cd4b.system.entry.js" Hash="56-9D-AD-20-16-D5-64-F8-4B-19-85-D7-C8-94-0E-47" />
  <File Name="htdocs/lib/crayons/p-0862a991.system.entry.js" Hash="92-8C-03-37-E9-38-FD-70-BF-FF-B5-2C-44-88-F8-A4" />
  <File Name="htdocs/lib/crayons/p-08f70d34.js" Hash="35-00-4B-AF-7E-36-46-C3-83-14-7E-B5-D4-4C-7B-17" />
  <File Name="htdocs/lib/crayons/p-0a2d6def.js" Hash="03-5C-28-DB-E6-3B-B4-ED-0A-5C-E9-37-8E-FC-38-48" />
  <File Name="htdocs/lib/crayons/p-0a4050b0.js" Hash="F6-79-F2-96-98-A7-29-6D-F4-75-D4-04-C4-5B-BF-92" />
  <File Name="htdocs/lib/crayons/p-0a4daea4.js" Hash="8E-BF-B2-CC-3B-4C-78-8C-37-8A-A9-0A-DF-F5-FA-80" />
  <File Name="htdocs/lib/crayons/p-0a5db85c.js" Hash="CB-74-60-CF-D0-81-3F-4C-35-C3-FC-FC-85-26-57-F9" />
  <File Name="htdocs/lib/crayons/p-0a99857e.system.js" Hash="FE-B2-FE-46-B9-78-03-23-CA-DF-8C-80-24-E0-28-03" />
  <File Name="htdocs/lib/crayons/p-0baddb2f.system.js" Hash="81-9F-56-18-60-A4-D7-4A-6E-DE-BA-54-2F-4D-60-F7" />
  <File Name="htdocs/lib/crayons/p-0c551e03.system.js" Hash="6D-EF-0D-15-D8-67-95-72-A1-51-03-1E-00-21-A5-0E" />
  <File Name="htdocs/lib/crayons/p-0c5b047c.js" Hash="26-66-00-FA-77-85-1D-51-BC-9A-0D-56-6C-CB-41-FD" />
  <File Name="htdocs/lib/crayons/p-0def2ab5.system.entry.js" Hash="6E-EB-69-38-5B-65-C0-AD-F7-E7-26-47-3A-E8-FC-B7" />
  <File Name="htdocs/lib/crayons/p-0f17b871.js" Hash="D1-A6-94-46-68-66-E9-CB-0B-C8-BF-18-78-38-74-6A" />
  <File Name="htdocs/lib/crayons/p-0fb04365.js" Hash="7A-BD-F3-B2-0F-DB-9C-77-2C-DD-80-09-B5-6B-79-D2" />
  <File Name="htdocs/lib/crayons/p-0fca1180.system.js" Hash="32-5E-88-B2-EE-95-30-5D-D6-42-D4-65-43-FE-7C-A4" />
  <File Name="htdocs/lib/crayons/p-1007178e.entry.js" Hash="0C-39-93-FA-A8-08-12-65-01-BD-53-23-3A-9C-97-12" />
  <File Name="htdocs/lib/crayons/p-10792d60.js" Hash="4D-F2-1F-9D-A9-EB-EE-26-D1-16-38-59-47-3F-10-A4" />
  <File Name="htdocs/lib/crayons/p-1099067f.system.js" Hash="5E-B7-D1-E7-FE-4B-89-E4-DF-02-7A-11-9D-20-5C-35" />
  <File Name="htdocs/lib/crayons/p-10a9e2ca.system.entry.js" Hash="26-37-59-D8-72-F5-BC-18-26-18-0B-C5-4A-0E-F8-24" />
  <File Name="htdocs/lib/crayons/p-10f9ff81.system.js" Hash="3A-9C-E9-F0-4B-3A-CF-47-31-5E-78-DE-EA-61-09-02" />
  <File Name="htdocs/lib/crayons/p-112455b1.js" Hash="7C-DF-EA-36-F2-AB-39-20-AA-2B-4E-C6-2D-8C-A0-AF" />
  <File Name="htdocs/lib/crayons/p-1256df78.system.js" Hash="0E-31-C7-40-BB-8B-70-B7-A5-74-03-4D-D6-71-10-2F" />
  <File Name="htdocs/lib/crayons/p-135a1a51.system.js" Hash="B1-8F-3E-A7-CB-D3-8D-E6-94-15-AA-54-F4-80-F2-4D" />
  <File Name="htdocs/lib/crayons/p-139d3888.system.js" Hash="B6-16-8C-DE-F5-4D-4E-D6-66-78-1E-55-1B-8D-46-13" />
  <File Name="htdocs/lib/crayons/p-13be0b68.entry.js" Hash="38-59-79-28-AA-B1-EE-D4-EA-BF-2F-1B-F6-6B-EB-04" />
  <File Name="htdocs/lib/crayons/p-13dd0a66.js" Hash="E3-1A-49-E3-C5-5F-25-63-2C-EA-9F-3D-B2-A2-A4-4C" />
  <File Name="htdocs/lib/crayons/p-14c828ab.system.entry.js" Hash="76-BD-D9-0A-70-EE-8E-A0-02-62-0A-4D-AB-DD-3B-FB" />
  <File Name="htdocs/lib/crayons/p-16ddba7f.entry.js" Hash="4B-2C-72-29-B2-FE-69-2B-FF-7C-08-5C-FB-25-1C-D6" />
  <File Name="htdocs/lib/crayons/p-17d5e96f.system.js" Hash="BC-73-D3-15-38-46-D6-5A-CC-27-10-60-BA-4F-2D-D8" />
  <File Name="htdocs/lib/crayons/p-19fddff9.system.js" Hash="C8-38-A5-D9-53-7C-6D-32-81-BA-A9-1C-E4-D9-23-9A" />
  <File Name="htdocs/lib/crayons/p-1a019790.js" Hash="AB-29-26-6B-1E-44-19-9C-55-04-17-79-27-66-BA-FA" />
  <File Name="htdocs/lib/crayons/p-1a2d8827.system.entry.js" Hash="EA-2A-7D-9C-99-F6-09-72-69-31-7C-84-B8-08-A0-21" />
  <File Name="htdocs/lib/crayons/p-1a35b42a.system.entry.js" Hash="E1-EA-92-4F-81-30-6D-0B-5E-15-6D-3A-CE-7D-DF-32" />
  <File Name="htdocs/lib/crayons/p-1b31bc77.js" Hash="52-EC-7B-25-56-6A-FB-B5-68-4B-76-8F-26-44-CF-A3" />
  <File Name="htdocs/lib/crayons/p-1b3a7634.js" Hash="8C-84-26-40-2A-4C-29-81-65-22-41-87-8E-1F-9E-9E" />
  <File Name="htdocs/lib/crayons/p-1b7711f4.js" Hash="53-B5-3F-AB-6D-3F-80-B4-79-C7-4C-E0-4C-51-BD-A4" />
  <File Name="htdocs/lib/crayons/p-1bcf2b33.system.js" Hash="B2-BD-06-CA-9B-BF-0C-91-C3-32-9C-1A-88-7E-BD-DF" />
  <File Name="htdocs/lib/crayons/p-1e09d5ed.system.js" Hash="B1-95-72-14-6D-A3-E0-39-54-99-72-A9-5F-A8-DB-F1" />
  <File Name="htdocs/lib/crayons/p-1e4f6cab.js" Hash="24-3B-E8-76-90-35-D9-EF-B9-3E-C5-80-39-59-58-09" />
  <File Name="htdocs/lib/crayons/p-1e73c09f.system.js" Hash="53-A1-6C-EA-F0-79-A0-BC-9D-6F-AA-2E-25-80-FA-C9" />
  <File Name="htdocs/lib/crayons/p-1eabe7ea.js" Hash="D7-A6-45-A6-13-A6-0C-D3-52-75-12-08-E6-3D-B2-66" />
  <File Name="htdocs/lib/crayons/p-1f0d3038.js" Hash="AE-BC-60-2F-1D-61-60-17-AF-F1-ED-BD-36-A0-46-41" />
  <File Name="htdocs/lib/crayons/p-200fa217.js" Hash="A5-00-DE-03-38-83-5A-39-0F-92-8F-68-94-71-1C-9B" />
  <File Name="htdocs/lib/crayons/p-20dd2cf7.js" Hash="30-06-70-9E-18-26-0F-58-1B-EF-CC-79-38-34-8A-33" />
  <File Name="htdocs/lib/crayons/p-219dbc1b.js" Hash="FD-21-7A-11-22-EC-61-3D-AF-DB-1E-15-C3-AB-B0-4F" />
  <File Name="htdocs/lib/crayons/p-228e4476.system.js" Hash="DF-98-27-16-A9-60-87-C0-B4-41-DE-A7-8A-F6-DB-88" />
  <File Name="htdocs/lib/crayons/p-22b38128.entry.js" Hash="A4-BC-32-95-EA-39-A7-11-EF-4E-AA-2E-89-08-F1-84" />
  <File Name="htdocs/lib/crayons/p-22e604ef.system.entry.js" Hash="19-1D-18-13-13-41-93-B5-CC-15-86-DF-5D-7E-44-60" />
  <File Name="htdocs/lib/crayons/p-2303425d.js" Hash="06-48-DD-FB-C5-46-E7-85-F5-79-82-44-A8-17-86-02" />
  <File Name="htdocs/lib/crayons/p-236db167.system.entry.js" Hash="01-11-1A-B4-5D-E6-6F-66-71-57-19-74-AE-23-78-FB" />
  <File Name="htdocs/lib/crayons/p-23d4a630.system.js" Hash="BE-2C-D2-D5-BC-1E-8F-E3-B9-8E-BD-8C-6E-4F-46-F3" />
  <File Name="htdocs/lib/crayons/p-24ded585.system.js" Hash="20-FC-78-80-D3-07-BE-9A-EB-84-89-54-EE-6A-78-F1" />
  <File Name="htdocs/lib/crayons/p-255e6387.js" Hash="19-AF-45-BF-A4-9D-47-DE-FC-A0-6E-03-37-5C-13-43" />
  <File Name="htdocs/lib/crayons/p-26559b7b.system.js" Hash="A4-16-76-6F-DD-71-B3-BC-10-89-4A-7E-0A-B1-F6-A4" />
  <File Name="htdocs/lib/crayons/p-26b400c2.system.js" Hash="E6-D7-CA-E2-ED-68-D6-D6-22-C3-8D-5C-6C-6E-21-CD" />
  <File Name="htdocs/lib/crayons/p-26f83dbc.js" Hash="34-06-DA-34-FE-45-82-84-CA-DE-D1-65-D9-FA-E8-8B" />
  <File Name="htdocs/lib/crayons/p-27ddf772.js" Hash="2F-F2-4C-EA-DD-C1-B9-A9-C1-D9-FE-E6-A6-DD-37-29" />
  <File Name="htdocs/lib/crayons/p-287d763c.system.js" Hash="2C-99-EF-5C-C0-31-E4-10-4A-5F-86-FC-3E-80-96-B7" />
  <File Name="htdocs/lib/crayons/p-28ed2b78.system.js" Hash="F6-4F-BC-33-3D-33-2F-BC-B8-F5-79-79-52-AC-9F-B4" />
  <File Name="htdocs/lib/crayons/p-28f3aabb.system.js" Hash="1E-A5-A8-21-12-57-BB-DF-27-56-45-CC-BC-C7-38-17" />
  <File Name="htdocs/lib/crayons/p-28f6a5be.system.entry.js" Hash="E4-2D-82-42-B5-DD-BA-99-F3-E8-90-0A-A0-25-0B-C2" />
  <File Name="htdocs/lib/crayons/p-2930d414.js" Hash="C7-32-8E-FA-5F-22-34-34-43-18-10-CC-53-D5-94-C4" />
  <File Name="htdocs/lib/crayons/p-29bc85c2.js" Hash="B4-60-ED-5E-21-D2-41-C2-C6-51-08-A1-61-9C-8C-98" />
  <File Name="htdocs/lib/crayons/p-2a1f3916.system.js" Hash="6D-6D-A9-18-E8-84-AE-70-68-08-BC-A4-9B-CE-C2-19" />
  <File Name="htdocs/lib/crayons/p-2cb81cd3.entry.js" Hash="AA-23-FA-70-75-2B-94-4B-4B-AB-C2-DA-DA-1D-9F-14" />
  <File Name="htdocs/lib/crayons/p-2cde8d57.js" Hash="18-BA-AD-8F-64-54-FD-80-82-76-C3-C1-92-8B-72-47" />
  <File Name="htdocs/lib/crayons/p-2d63ea46.system.entry.js" Hash="4A-D4-E4-80-D9-EA-D4-CA-8C-4C-B1-0E-E2-AF-7F-32" />
  <File Name="htdocs/lib/crayons/p-2dbfc6b0.system.js" Hash="45-7A-DF-85-04-E1-0D-7A-F7-0F-36-ED-2E-47-1B-9E" />
  <File Name="htdocs/lib/crayons/p-2e817ac9.js" Hash="F0-CE-15-3E-28-BA-01-30-39-95-78-83-07-6E-3C-CC" />
  <File Name="htdocs/lib/crayons/p-2e9b35c3.system.entry.js" Hash="F9-88-67-D0-43-7B-B3-5A-74-40-7E-79-F1-A4-36-0D" />
  <File Name="htdocs/lib/crayons/p-31819035.system.js" Hash="A9-BA-BC-62-A4-E1-AD-47-33-CE-61-8E-74-A8-A6-6E" />
  <File Name="htdocs/lib/crayons/p-320b781c.js" Hash="38-69-6A-73-1E-C2-61-FE-47-B5-1E-FE-3E-1C-82-EB" />
  <File Name="htdocs/lib/crayons/p-325c5933.js" Hash="F6-F4-BC-71-9D-0F-39-48-D8-53-A3-E7-B4-9B-4D-98" />
  <File Name="htdocs/lib/crayons/p-32d97a4f.system.js" Hash="8A-4D-BB-07-5A-40-45-6B-49-95-1E-16-49-34-36-2B" />
  <File Name="htdocs/lib/crayons/p-336e9961.system.entry.js" Hash="40-55-10-58-74-4F-F2-49-B0-CC-E9-0C-0D-E8-2A-91" />
  <File Name="htdocs/lib/crayons/p-33f78cdd.system.js" Hash="84-2B-42-4A-C5-88-FD-DC-42-CF-0D-7D-4A-41-7F-83" />
  <File Name="htdocs/lib/crayons/p-34c89bb0.system.js" Hash="23-ED-6C-DA-FE-24-0A-99-C6-87-3A-7D-13-D3-70-A1" />
  <File Name="htdocs/lib/crayons/p-3647c790.entry.js" Hash="95-75-57-F9-E1-07-BF-62-1E-43-72-B9-CB-13-5C-E4" />
  <File Name="htdocs/lib/crayons/p-365dc431.system.js" Hash="AD-94-BB-D1-7D-30-59-53-44-47-7E-9B-6B-56-C5-C2" />
  <File Name="htdocs/lib/crayons/p-36afe3c5.entry.js" Hash="01-F8-93-A4-ED-AC-20-46-E4-73-85-E4-AE-2F-7B-34" />
  <File Name="htdocs/lib/crayons/p-37ac176b.system.js" Hash="50-CF-02-45-F7-AC-A9-6C-A1-58-47-A5-FC-07-CA-42" />
  <File Name="htdocs/lib/crayons/p-394d207c.system.js" Hash="EA-D4-3C-6A-7B-C8-E5-10-D0-8D-2F-4B-0B-B4-3E-88" />
  <File Name="htdocs/lib/crayons/p-39c8189c.js" Hash="BB-D4-07-48-0F-90-ED-28-6E-3C-B9-6F-A9-1C-11-64" />
  <File Name="htdocs/lib/crayons/p-3a50f5e2.system.js" Hash="13-1D-6B-21-72-F9-62-06-14-C8-31-FD-FA-1D-6C-FE" />
  <File Name="htdocs/lib/crayons/p-3a53101b.js" Hash="1C-D7-9C-4F-80-8F-E5-F8-02-FD-47-40-E2-40-DC-95" />
  <File Name="htdocs/lib/crayons/p-3ad594f1.system.js" Hash="07-B2-D4-4A-55-EF-22-77-86-85-3F-BB-24-72-37-6B" />
  <File Name="htdocs/lib/crayons/p-3b058cea.system.js" Hash="8D-38-9A-57-51-CB-30-84-A0-C0-DC-E6-58-76-B9-DF" />
  <File Name="htdocs/lib/crayons/p-3b5f4ae4.system.entry.js" Hash="F9-A4-E7-5B-A8-7E-04-2C-E4-DB-9C-6F-83-D9-EE-80" />
  <File Name="htdocs/lib/crayons/p-3b83a8ee.system.js" Hash="6D-D9-B1-10-3B-C9-6E-EA-64-55-92-83-05-55-7A-1F" />
  <File Name="htdocs/lib/crayons/p-3c3fbb61.entry.js" Hash="CF-47-46-0E-1D-8C-79-2B-0F-C7-32-CB-22-63-44-28" />
  <File Name="htdocs/lib/crayons/p-3e46c710.js" Hash="04-6E-DF-E8-22-C2-07-F3-65-5F-2F-95-2F-C9-DD-6C" />
  <File Name="htdocs/lib/crayons/p-3e5a3a23.system.entry.js" Hash="EE-CC-F4-D3-DB-6B-47-C4-A6-5B-71-58-6A-2F-40-27" />
  <File Name="htdocs/lib/crayons/p-4038fd61.js" Hash="19-24-A0-1F-16-C8-4C-6A-E3-1C-D3-4A-6F-20-A6-A8" />
  <File Name="htdocs/lib/crayons/p-40702513.js" Hash="B0-5D-83-58-03-42-1A-6D-30-F8-F5-8C-6E-EF-20-47" />
  <File Name="htdocs/lib/crayons/p-4128f6a4.js" Hash="D3-03-7A-8D-76-A9-03-C5-1F-BD-B1-78-0A-AB-F7-9E" />
  <File Name="htdocs/lib/crayons/p-417c2113.system.js" Hash="12-20-E0-75-AB-8F-26-2F-D9-FF-E8-EF-C3-30-CE-B5" />
  <File Name="htdocs/lib/crayons/p-41f27290.system.js" Hash="E1-72-BA-6B-A3-9F-2F-36-37-46-09-8D-2C-0D-D2-92" />
  <File Name="htdocs/lib/crayons/p-421ef933.js" Hash="A0-0D-9E-EC-F2-01-99-B5-E7-A3-CD-A8-79-68-D8-D5" />
  <File Name="htdocs/lib/crayons/p-4265744a.system.js" Hash="37-16-F5-29-52-F9-89-30-60-E4-A9-45-C2-2B-7F-F8" />
  <File Name="htdocs/lib/crayons/p-42dd29c6.js" Hash="58-7E-59-69-DF-32-79-45-A6-51-21-3D-88-51-60-11" />
  <File Name="htdocs/lib/crayons/p-43173181.js" Hash="3A-BD-8E-1E-A1-3E-4C-F3-D1-64-B8-5D-03-A7-03-A0" />
  <File Name="htdocs/lib/crayons/p-44306af8.system.js" Hash="A4-40-77-94-82-22-D9-01-55-80-7A-C7-E7-09-06-EF" />
  <File Name="htdocs/lib/crayons/p-44a86eb6.system.entry.js" Hash="13-DB-40-1C-14-84-0A-67-EC-A3-5B-9A-57-90-35-73" />
  <File Name="htdocs/lib/crayons/p-47cb5244.js" Hash="04-26-28-0B-8C-A1-D4-71-FE-95-85-0E-6E-DA-ED-AB" />
  <File Name="htdocs/lib/crayons/p-4879646b.js" Hash="D5-86-BC-F2-F9-43-47-A6-A1-B8-78-D8-F2-37-AF-E4" />
  <File Name="htdocs/lib/crayons/p-4d6beb08.system.js" Hash="E8-E9-DC-0A-B6-4B-C5-92-06-B4-7F-83-61-E7-C8-E6" />
  <File Name="htdocs/lib/crayons/p-4dcde224.system.js" Hash="BF-41-51-6E-75-76-03-47-F2-19-2A-48-39-43-4F-4B" />
  <File Name="htdocs/lib/crayons/p-4e05d9d5.js" Hash="76-AC-F5-39-44-91-67-52-4C-35-99-35-34-2D-73-E2" />
  <File Name="htdocs/lib/crayons/p-4ea25f4c.js" Hash="24-8F-C2-29-7A-49-50-24-08-EB-CD-EB-98-D5-85-00" />
  <File Name="htdocs/lib/crayons/p-4ea4cccb.js" Hash="A6-23-C1-D9-1C-CF-96-C6-C9-A5-30-ED-AB-EA-88-E0" />
  <File Name="htdocs/lib/crayons/p-4f410520.js" Hash="BF-E8-54-71-E1-16-D7-B6-4E-D4-97-FB-BC-FC-0A-89" />
  <File Name="htdocs/lib/crayons/p-4feddb20.system.js" Hash="FB-07-4C-B9-49-6C-C8-9A-D4-A8-7E-74-84-C1-82-38" />
  <File Name="htdocs/lib/crayons/p-506b67fa.system.js" Hash="61-62-6F-68-E4-0E-4F-61-28-20-20-7B-78-7B-80-21" />
  <File Name="htdocs/lib/crayons/p-511b7237.js" Hash="BC-59-3A-D3-4B-6E-F6-0C-87-1B-97-A8-0A-79-85-A5" />
  <File Name="htdocs/lib/crayons/p-51396772.system.js" Hash="F0-9D-35-6C-84-4B-84-4A-4F-89-23-B0-36-D9-0D-47" />
  <File Name="htdocs/lib/crayons/p-51b23529.js" Hash="EF-A0-5E-E1-C1-75-20-E4-2C-34-90-3A-AF-04-3C-8F" />
  <File Name="htdocs/lib/crayons/p-51fab8cb.system.entry.js" Hash="A2-26-71-93-55-06-64-FC-DC-22-56-4F-0B-86-F8-44" />
  <File Name="htdocs/lib/crayons/p-52540ad3.entry.js" Hash="D8-CA-91-35-94-A7-A2-8C-83-02-96-40-3E-D9-23-50" />
  <File Name="htdocs/lib/crayons/p-5275e831.system.js" Hash="CF-04-9C-EA-9D-AF-97-01-72-8B-83-6D-40-30-B1-CF" />
  <File Name="htdocs/lib/crayons/p-542bab7b.js" Hash="C1-61-69-71-51-38-4A-45-ED-64-31-9F-16-A3-02-AF" />
  <File Name="htdocs/lib/crayons/p-5857198a.system.js" Hash="F4-1D-37-F9-E1-14-B7-20-40-29-24-6D-58-9F-75-F7" />
  <File Name="htdocs/lib/crayons/p-58a566ac.js" Hash="D8-85-B8-1B-79-34-15-9C-65-1F-B1-DC-42-28-1F-60" />
  <File Name="htdocs/lib/crayons/p-59088fab.entry.js" Hash="FF-E1-A1-40-D6-EE-63-C4-21-6F-2B-61-55-B1-63-A1" />
  <File Name="htdocs/lib/crayons/p-5d2580f0.js" Hash="99-8B-4C-0C-03-E4-6A-ED-D7-8D-AD-8C-17-08-06-D4" />
  <File Name="htdocs/lib/crayons/p-5d31f189.js" Hash="DB-9C-41-9C-98-B7-AE-CE-06-1E-BA-4F-71-13-B6-CF" />
  <File Name="htdocs/lib/crayons/p-5d838bb3.js" Hash="B7-89-31-9F-4A-82-F1-20-E0-DE-41-9B-AA-EB-49-8E" />
  <File Name="htdocs/lib/crayons/p-5e262214.system.js" Hash="31-5F-E6-9B-2B-EA-23-DD-AD-66-FF-DC-88-2B-6F-E7" />
  <File Name="htdocs/lib/crayons/p-604bc9db.system.js" Hash="4B-AD-38-9F-BD-F1-3D-D5-80-39-03-4D-DA-81-A1-05" />
  <File Name="htdocs/lib/crayons/p-60c34dba.system.js" Hash="90-1F-EA-AE-6D-B0-D2-89-19-05-37-05-8C-7F-CE-F7" />
  <File Name="htdocs/lib/crayons/p-60d4b4d4.system.js" Hash="56-13-E7-26-F6-43-88-73-B9-FE-47-C6-28-06-04-20" />
  <File Name="htdocs/lib/crayons/p-61ce8020.system.js" Hash="F7-38-D5-87-FD-98-B6-E3-2F-B4-43-A8-FF-2D-4D-B4" />
  <File Name="htdocs/lib/crayons/p-621948b9.system.js" Hash="51-2F-DF-02-26-46-A5-92-3D-D1-53-10-63-8C-42-6E" />
  <File Name="htdocs/lib/crayons/p-63ce30c5.entry.js" Hash="DB-09-4F-70-FF-02-0E-5F-C9-8B-E8-45-B6-BD-21-91" />
  <File Name="htdocs/lib/crayons/p-64d88eaa.js" Hash="C1-97-4D-40-34-CB-10-93-C1-33-EB-19-DE-12-97-48" />
  <File Name="htdocs/lib/crayons/p-65ec3a51.system.js" Hash="64-94-43-32-79-F7-54-A3-28-4E-A4-B7-6A-3C-C2-4F" />
  <File Name="htdocs/lib/crayons/p-66a1d2f7.system.js" Hash="68-1B-76-83-80-D2-83-E6-AE-D5-A2-75-C0-75-EE-81" />
  <File Name="htdocs/lib/crayons/p-66f202de.system.js" Hash="37-34-0E-1C-DA-92-88-FF-BA-84-FC-57-37-BF-EB-04" />
  <File Name="htdocs/lib/crayons/p-673eff67.system.entry.js" Hash="A2-80-E3-DB-01-36-F7-06-E5-73-48-DB-AA-85-28-26" />
  <File Name="htdocs/lib/crayons/p-674edf11.system.entry.js" Hash="A3-86-50-AB-AE-88-4E-D3-02-E4-BF-DA-E7-97-89-FB" />
  <File Name="htdocs/lib/crayons/p-6764c153.system.js" Hash="04-E1-B8-17-CB-13-61-18-53-9B-84-FC-CB-56-AA-73" />
  <File Name="htdocs/lib/crayons/p-67cc2511.system.js" Hash="57-50-1A-98-14-91-2C-AC-01-48-7C-52-EF-8A-50-20" />
  <File Name="htdocs/lib/crayons/p-687ce7d3.js" Hash="15-4D-5E-F2-A9-42-D3-81-F7-21-9C-2F-B1-A1-E7-CD" />
  <File Name="htdocs/lib/crayons/p-68935a22.entry.js" Hash="98-2E-EC-A9-76-0C-93-93-91-BC-CA-F3-84-0A-F2-3E" />
  <File Name="htdocs/lib/crayons/p-69bdff1b.entry.js" Hash="53-57-AA-4E-4D-5C-34-85-34-60-20-49-6D-EE-18-E9" />
  <File Name="htdocs/lib/crayons/p-6c4b32a5.system.js" Hash="9D-24-D6-F9-23-7C-5C-86-03-39-91-4D-86-16-BF-63" />
  <File Name="htdocs/lib/crayons/p-6cb2598c.js" Hash="0C-90-64-F6-3A-80-68-A9-B2-2C-8D-71-2C-1C-B1-50" />
  <File Name="htdocs/lib/crayons/p-6cd6e5a3.system.js" Hash="87-56-39-6B-A6-C9-25-7C-5D-D5-64-9C-5A-57-42-9D" />
  <File Name="htdocs/lib/crayons/p-6e567f71.system.js" Hash="06-E6-70-B3-C2-68-51-00-A4-E9-E4-FE-AA-0F-DA-BD" />
  <File Name="htdocs/lib/crayons/p-6f3e96eb.system.js" Hash="7C-9C-1F-2E-63-6E-AE-50-D6-F5-20-27-76-78-64-42" />
  <File Name="htdocs/lib/crayons/p-6fb516eb.system.js" Hash="45-12-40-55-6C-93-0F-6D-0B-0D-48-33-6E-30-12-10" />
  <File Name="htdocs/lib/crayons/p-704d8cf2.js" Hash="CC-6A-65-27-95-9C-7E-82-09-E3-7B-73-75-F8-53-7D" />
  <File Name="htdocs/lib/crayons/p-706fa9be.system.js" Hash="08-B1-B5-C9-AC-8D-D5-B1-DC-75-11-CB-B3-F7-04-42" />
  <File Name="htdocs/lib/crayons/p-70a776d0.js" Hash="AA-D2-D3-57-E3-74-CD-FC-32-1E-65-E5-AE-79-95-21" />
  <File Name="htdocs/lib/crayons/p-70d12b2f.js" Hash="64-0D-B9-09-3B-51-12-8D-11-A7-5E-1B-97-73-B8-75" />
  <File Name="htdocs/lib/crayons/p-735f49f6.system.js" Hash="89-C8-EB-19-F6-16-CC-0B-CF-63-02-C6-6F-89-19-8C" />
  <File Name="htdocs/lib/crayons/p-758ce9c7.system.js" Hash="62-17-AF-5B-C9-CC-E1-26-3B-8A-AE-3F-16-04-44-32" />
  <File Name="htdocs/lib/crayons/p-75d0e0e2.system.js" Hash="8F-7C-FB-58-D9-50-4A-E3-BD-34-15-14-17-7D-39-B3" />
  <File Name="htdocs/lib/crayons/p-768a574e.system.entry.js" Hash="81-4E-12-23-22-88-ED-E7-8B-44-5C-86-D5-FB-55-CB" />
  <File Name="htdocs/lib/crayons/p-76e9cf2a.js" Hash="69-F7-32-FE-91-B7-C7-5A-31-C4-29-13-59-15-B2-92" />
  <File Name="htdocs/lib/crayons/p-7777cbcf.js" Hash="77-BF-EF-45-57-E4-CC-59-E4-E4-BA-27-D1-2E-C1-98" />
  <File Name="htdocs/lib/crayons/p-790b58a1.system.js" Hash="A6-6B-2A-8A-7C-60-8F-F1-18-E5-0D-49-56-6D-F0-2D" />
  <File Name="htdocs/lib/crayons/p-79292df1.js" Hash="87-66-09-92-21-61-F9-E5-16-15-D9-3D-F7-77-FB-29" />
  <File Name="htdocs/lib/crayons/p-7966f5b6.js" Hash="3B-C9-3C-35-64-1D-A5-0F-B3-56-99-24-0A-D6-80-43" />
  <File Name="htdocs/lib/crayons/p-79bf2958.system.js" Hash="F5-A4-E3-9C-E6-09-7E-F2-DE-0E-91-24-D6-1C-27-4E" />
  <File Name="htdocs/lib/crayons/p-7a2fba59.js" Hash="55-3C-60-71-D5-44-99-19-A2-96-FC-1F-DE-D1-7F-8B" />
  <File Name="htdocs/lib/crayons/p-7a849d36.system.js" Hash="29-99-A2-3D-B3-13-68-4E-05-03-86-84-28-A8-80-71" />
  <File Name="htdocs/lib/crayons/p-7a8d509b.system.entry.js" Hash="85-5A-21-48-12-FB-27-75-BC-E5-48-24-51-70-48-4C" />
  <File Name="htdocs/lib/crayons/p-7b145639.system.js" Hash="ED-BF-61-C3-C4-BF-0D-B2-0B-A9-48-BF-F3-66-1C-5D" />
  <File Name="htdocs/lib/crayons/p-7b4f57c2.js" Hash="BA-6E-C3-AD-7C-3D-F3-00-9C-06-C4-8A-65-F4-05-D1" />
  <File Name="htdocs/lib/crayons/p-7b4f57c2.js.LICENSE.txt" Hash="38-38-99-E6-0E-D6-9A-9A-53-41-4C-68-36-D9-1A-B5" />
  <File Name="htdocs/lib/crayons/p-7beffb0e.system.js" Hash="40-09-9F-CC-B1-9A-00-E2-F9-5F-09-F6-04-85-25-80" />
  <File Name="htdocs/lib/crayons/p-7d0821bd.js" Hash="70-4E-C0-A9-B0-73-79-FD-59-A8-4A-B0-D8-F3-BE-4E" />
  <File Name="htdocs/lib/crayons/p-7d408320.js" Hash="27-01-CB-3C-04-0C-40-A0-49-A3-4C-D2-1C-E8-E7-ED" />
  <File Name="htdocs/lib/crayons/p-7f24f54c.system.js" Hash="52-CA-25-EF-47-A9-A9-DD-5C-F9-D2-BC-BA-93-EF-2F" />
  <File Name="htdocs/lib/crayons/p-7f72e2b8.js" Hash="18-98-51-8D-6B-74-53-68-6F-ED-60-40-CA-06-CE-4C" />
  <File Name="htdocs/lib/crayons/p-7fad3130.js" Hash="00-EF-2F-47-B9-38-08-3D-91-64-84-3E-EA-47-91-9C" />
  <File Name="htdocs/lib/crayons/p-80517b84.js" Hash="96-6E-F1-9C-F9-3F-79-48-AF-6B-8D-B5-B4-AB-16-E9" />
  <File Name="htdocs/lib/crayons/p-81db60d6.js" Hash="2D-55-55-80-A2-2B-1C-0A-B1-8B-88-57-8A-A3-34-CB" />
  <File Name="htdocs/lib/crayons/p-833bac36.js" Hash="BA-72-7B-CE-B7-72-CC-3E-68-49-18-A5-AC-82-6F-00" />
  <File Name="htdocs/lib/crayons/p-835b2f99.system.js" Hash="E7-4D-3C-B5-1B-D1-17-52-1D-39-E8-AF-29-B6-10-6F" />
  <File Name="htdocs/lib/crayons/p-8396f734.js" Hash="A0-BB-3A-06-E2-7C-D2-61-3D-AC-F7-7F-1C-53-04-D0" />
  <File Name="htdocs/lib/crayons/p-8467cac2.js" Hash="A8-F6-A6-9E-64-7B-00-BE-34-40-81-44-C3-23-57-85" />
  <File Name="htdocs/lib/crayons/p-847a2727.js" Hash="9E-45-9D-5F-5D-B1-06-83-EA-FC-B2-37-A0-5F-F7-DF" />
  <File Name="htdocs/lib/crayons/p-849e1c37.system.js" Hash="19-86-52-8A-38-50-F0-E1-76-94-53-35-D0-53-42-BF" />
  <File Name="htdocs/lib/crayons/p-85673f2f.entry.js" Hash="E7-D3-E5-44-72-C4-C9-2D-85-F6-60-6B-D1-FD-F9-FA" />
  <File Name="htdocs/lib/crayons/p-8684aec2.system.js" Hash="9B-D0-A5-DF-D9-52-AB-6F-28-96-B7-95-ED-2D-EE-7E" />
  <File Name="htdocs/lib/crayons/p-868a72ed.system.js" Hash="3D-47-D1-86-9F-7C-2C-C0-BD-A5-53-08-CC-AE-E2-62" />
  <File Name="htdocs/lib/crayons/p-87062c5f.system.js" Hash="1F-9B-B3-41-DD-5D-27-2F-45-1D-0B-6F-D7-7A-92-A7" />
  <File Name="htdocs/lib/crayons/p-8730c3c9.entry.js" Hash="7E-10-EC-D2-EE-A6-B6-24-54-04-7D-83-07-87-C7-DA" />
  <File Name="htdocs/lib/crayons/p-88d3a148.js" Hash="CD-76-38-FA-C7-D9-1E-7E-21-EA-E8-4A-EC-EA-0A-B9" />
  <File Name="htdocs/lib/crayons/p-88ecf0e4.js" Hash="8D-C1-4C-0F-59-35-D4-B7-C5-A6-5F-D8-3D-C1-83-D8" />
  <File Name="htdocs/lib/crayons/p-891bab11.system.js" Hash="F5-1D-2E-D2-43-07-0F-1F-68-81-CD-26-13-13-C9-02" />
  <File Name="htdocs/lib/crayons/p-89538093.js" Hash="2B-FD-21-74-1F-E1-D7-A4-AA-F1-4E-4D-39-71-4A-95" />
  <File Name="htdocs/lib/crayons/p-8996a612.js" Hash="5F-C8-7F-9D-14-6C-D9-46-FD-A2-61-D6-B9-12-DC-46" />
  <File Name="htdocs/lib/crayons/p-8997d9ec.js" Hash="0D-01-B7-EE-B5-77-EA-33-F2-AC-4D-E1-D4-AE-6E-BC" />
  <File Name="htdocs/lib/crayons/p-89f51bf7.system.js" Hash="9D-1D-71-DB-03-9D-43-65-E6-EF-D5-8D-4E-04-38-D8" />
  <File Name="htdocs/lib/crayons/p-8aa37858.js" Hash="E9-F7-56-47-6C-07-4B-4E-73-A5-00-1D-7C-57-D5-E3" />
  <File Name="htdocs/lib/crayons/p-8b0576bb.system.js" Hash="4E-82-E6-9E-E1-EB-3E-9C-8B-7A-D4-B3-E5-93-BF-E6" />
  <File Name="htdocs/lib/crayons/p-8b71e7f0.js" Hash="28-81-D0-9E-F6-27-11-65-1B-0F-42-FD-7F-68-36-19" />
  <File Name="htdocs/lib/crayons/p-8be0c4a6.system.js" Hash="7D-72-29-81-4A-37-D3-1F-18-DA-01-74-B6-55-9A-81" />
  <File Name="htdocs/lib/crayons/p-8ce0803d.system.js" Hash="C2-22-19-42-B9-B1-66-DA-67-FE-DB-67-9D-A7-7D-62" />
  <File Name="htdocs/lib/crayons/p-8d4a6bf9.js" Hash="A1-3F-32-D6-6C-07-06-E7-6E-20-8B-FD-C2-DF-75-E1" />
  <File Name="htdocs/lib/crayons/p-8e273231.js" Hash="72-B5-67-FE-68-F7-BB-1F-60-18-FA-64-3B-6A-69-23" />
  <File Name="htdocs/lib/crayons/p-8e827f01.system.entry.js" Hash="E9-18-BD-27-A8-32-2F-D0-5D-53-E0-77-16-DD-18-74" />
  <File Name="htdocs/lib/crayons/p-8ed2101b.system.js" Hash="1B-E2-DF-B4-C9-CA-89-7C-5D-0E-FC-EA-57-6C-44-D4" />
  <File Name="htdocs/lib/crayons/p-8f721303.entry.js" Hash="95-C2-10-52-A4-03-23-B4-BC-84-73-38-62-AA-96-EC" />
  <File Name="htdocs/lib/crayons/p-8fa46c9f.js" Hash="4A-9A-DE-FD-38-F0-E0-38-4B-38-C3-D3-35-C7-C1-C8" />
  <File Name="htdocs/lib/crayons/p-8fa62fbd.system.js" Hash="60-A6-72-59-9A-53-93-56-86-57-E0-A3-52-90-12-78" />
  <File Name="htdocs/lib/crayons/p-905bc28d.system.js" Hash="45-12-17-46-2A-EA-A1-AB-4B-CA-28-39-AF-9C-3E-54" />
  <File Name="htdocs/lib/crayons/p-919ec84c.js" Hash="E4-45-B1-16-87-A1-76-3A-43-26-62-C9-0F-E6-FB-CA" />
  <File Name="htdocs/lib/crayons/p-924d8982.js" Hash="57-65-5A-61-73-C5-0E-F1-1F-E4-EE-8E-7A-F4-31-09" />
  <File Name="htdocs/lib/crayons/p-9280ecd0.system.js" Hash="AF-54-F8-C1-D1-31-20-A7-BF-55-42-A8-B8-6F-08-BD" />
  <File Name="htdocs/lib/crayons/p-92bb9b78.system.js" Hash="44-61-54-BF-CD-82-26-C3-7C-22-D2-9E-7A-22-F4-F7" />
  <File Name="htdocs/lib/crayons/p-931aae41.js" Hash="3A-3F-85-BA-E0-2F-99-04-26-5E-75-93-DA-C9-A2-F5" />
  <File Name="htdocs/lib/crayons/p-93d11a89.js" Hash="2A-FB-17-4B-96-89-DE-50-D6-B6-35-74-07-14-64-86" />
  <File Name="htdocs/lib/crayons/p-93f0cd2e.entry.js" Hash="0E-17-3D-5C-7C-75-13-5E-E8-47-5E-08-D5-87-33-42" />
  <File Name="htdocs/lib/crayons/p-94504932.js" Hash="B1-28-B1-4D-18-08-CD-89-06-92-60-BA-A9-AB-97-B1" />
  <File Name="htdocs/lib/crayons/p-9496f035.system.js" Hash="7A-9A-B7-43-F8-B1-6E-61-AD-2F-3C-59-81-30-92-A0" />
  <File Name="htdocs/lib/crayons/p-94d67287.system.js" Hash="1D-C7-3D-AD-94-4A-98-5F-62-37-7D-5A-8C-63-D6-6F" />
  <File Name="htdocs/lib/crayons/p-94f364ac.system.js" Hash="06-71-62-8F-00-5F-11-BB-48-2C-0C-8B-EE-BB-34-E0" />
  <File Name="htdocs/lib/crayons/p-954e6f47.system.entry.js" Hash="A6-99-AD-C7-37-47-D7-E6-2C-0C-B5-9E-FA-A7-9E-7E" />
  <File Name="htdocs/lib/crayons/p-9555078d.js" Hash="A0-31-52-41-76-14-91-6C-0A-A1-09-11-CA-6E-4F-05" />
  <File Name="htdocs/lib/crayons/p-95923534.system.js" Hash="88-8C-6E-15-F9-E0-5B-D8-D3-AD-FC-DB-F3-F7-4D-6D" />
  <File Name="htdocs/lib/crayons/p-9671b6e8.entry.js" Hash="0D-90-B9-58-D9-E1-7A-91-FA-E9-5D-47-4A-60-42-38" />
  <File Name="htdocs/lib/crayons/p-9745e69e.entry.js" Hash="FC-9D-1B-40-1F-07-B3-9F-F3-41-8D-4A-7C-11-2E-59" />
  <File Name="htdocs/lib/crayons/p-99222ca2.system.js" Hash="EF-AC-8F-DD-8E-8E-4A-6A-6A-A2-95-9A-C8-2E-14-08" />
  <File Name="htdocs/lib/crayons/p-9948f6db.js" Hash="41-CC-8F-22-93-4A-12-5E-17-1B-1E-E1-9D-6D-0B-F7" />
  <File Name="htdocs/lib/crayons/p-99a8178f.system.js" Hash="35-50-A4-EE-85-B2-46-B1-99-B9-55-DE-1C-A3-5E-46" />
  <File Name="htdocs/lib/crayons/p-9b4576f7.system.entry.js" Hash="2E-75-A5-33-C5-03-7F-30-63-E2-E6-29-45-C8-55-17" />
  <File Name="htdocs/lib/crayons/p-a1f63360.js" Hash="E9-7F-4B-E8-2F-6E-20-9E-11-50-55-CC-B1-8C-21-B0" />
  <File Name="htdocs/lib/crayons/p-a46d775f.system.js" Hash="BE-8B-44-3F-EA-C1-8F-77-19-3D-6C-95-53-45-B3-F9" />
  <File Name="htdocs/lib/crayons/p-a53fdc53.system.js" Hash="7F-43-40-D3-DC-5E-4B-C6-63-87-EB-B1-E5-78-82-94" />
  <File Name="htdocs/lib/crayons/p-a53fdc53.system.js.LICENSE.txt" Hash="0B-55-D4-55-E0-D9-2E-C7-83-7E-E9-DD-08-85-5A-DD" />
  <File Name="htdocs/lib/crayons/p-a64809c2.system.entry.js" Hash="C0-B1-D8-1C-46-F3-1D-25-7E-E7-87-B6-6D-8D-51-C6" />
  <File Name="htdocs/lib/crayons/p-a978bd22.system.js" Hash="3A-20-57-A8-EE-88-1C-55-2E-41-6F-81-B0-18-E9-E1" />
  <File Name="htdocs/lib/crayons/p-a9ac29d3.js" Hash="31-7B-9D-5D-28-A1-CC-1A-DE-DF-0A-CC-83-50-1D-D5" />
  <File Name="htdocs/lib/crayons/p-a9ded7f3.js" Hash="B3-E1-05-68-B1-09-6E-39-A6-17-0E-1B-2A-C8-DC-86" />
  <File Name="htdocs/lib/crayons/p-a9eee453.js" Hash="2D-2A-6F-93-DE-9A-0F-97-1A-77-D0-D5-EF-4A-38-A7" />
  <File Name="htdocs/lib/crayons/p-acd36a3b.js" Hash="31-45-70-53-65-25-C4-02-15-D2-14-D2-16-92-48-02" />
  <File Name="htdocs/lib/crayons/p-ad0854eb.system.js" Hash="2B-18-74-3D-68-EC-5C-CF-96-45-AB-C7-70-BA-13-C9" />
  <File Name="htdocs/lib/crayons/p-ad28ec94.system.js" Hash="72-86-87-E8-D4-B7-DB-BE-A2-77-DC-32-5A-59-AC-F8" />
  <File Name="htdocs/lib/crayons/p-ad36e4f1.system.js" Hash="22-14-EA-F6-7A-BF-1C-7B-49-40-95-27-28-DF-45-0B" />
  <File Name="htdocs/lib/crayons/p-adafbf13.system.js" Hash="97-B6-F2-6F-8A-51-53-64-CF-F2-EA-56-E0-99-1C-BC" />
  <File Name="htdocs/lib/crayons/p-ae8cca33.js" Hash="32-40-1E-7F-09-3C-5F-16-EA-93-89-8A-0D-41-85-30" />
  <File Name="htdocs/lib/crayons/p-af27b5ad.entry.js" Hash="29-6B-1C-E9-FC-2B-87-E4-FB-BB-9C-F2-D6-75-1F-87" />
  <File Name="htdocs/lib/crayons/p-b02356f5.system.js" Hash="10-CE-33-11-6C-89-23-53-B1-F9-49-C3-9D-C2-77-F9" />
  <File Name="htdocs/lib/crayons/p-b092120b.js" Hash="B0-8B-A4-48-37-53-F6-00-9E-8A-42-11-FE-C8-2E-F1" />
  <File Name="htdocs/lib/crayons/p-b1ddb049.system.js" Hash="27-EA-04-8F-65-C9-82-47-02-08-6A-ED-BB-9D-6B-8F" />
  <File Name="htdocs/lib/crayons/p-b208e446.js" Hash="7B-B8-F9-DE-D9-B8-2C-B0-0F-96-E5-FB-73-53-15-CD" />
  <File Name="htdocs/lib/crayons/p-b25fe45c.system.js" Hash="96-85-EF-B9-B7-AC-09-68-2B-FC-BD-DC-06-5A-C6-05" />
  <File Name="htdocs/lib/crayons/p-b2cf2c69.js" Hash="70-C8-F8-9A-40-0A-FF-19-C5-67-55-A4-9F-D6-B4-AF" />
  <File Name="htdocs/lib/crayons/p-b31056d9.system.js" Hash="09-13-3D-A1-8B-89-CB-B9-DA-9D-F0-8A-96-F1-1E-A2" />
  <File Name="htdocs/lib/crayons/p-b619bc97.system.js" Hash="46-81-46-1B-0F-BC-BD-BB-05-32-96-66-02-7A-51-9F" />
  <File Name="htdocs/lib/crayons/p-b6220df4.js" Hash="E0-AC-AC-15-3C-DF-F5-68-3E-0A-DC-38-59-C5-75-A9" />
  <File Name="htdocs/lib/crayons/p-b7233280.system.entry.js" Hash="94-28-31-55-D6-96-91-25-CC-33-60-69-47-B0-4B-B8" />
  <File Name="htdocs/lib/crayons/p-b7ef8aad.system.js" Hash="82-EC-30-52-8D-00-50-FF-E1-B5-CF-B6-2C-A2-65-96" />
  <File Name="htdocs/lib/crayons/p-b7fe8f5c.system.js" Hash="AF-FD-FE-51-14-C4-E7-7C-2F-7F-98-6F-2E-61-24-12" />
  <File Name="htdocs/lib/crayons/p-b94ae2c3.system.js" Hash="A9-DF-A3-D4-12-86-FC-C6-DE-46-FA-66-85-31-4D-94" />
  <File Name="htdocs/lib/crayons/p-b9f7158c.system.js" Hash="F0-15-D7-CB-20-82-01-05-A8-AB-4B-78-96-66-4E-4B" />
  <File Name="htdocs/lib/crayons/p-ba0094bf.system.entry.js" Hash="5E-0B-FF-4D-FB-8C-CB-94-78-78-93-D7-E0-3A-E5-30" />
  <File Name="htdocs/lib/crayons/p-bac3bf26.js" Hash="C8-FA-AE-4D-D2-F9-D5-C1-84-EB-F6-5E-8E-6B-66-15" />
  <File Name="htdocs/lib/crayons/p-bad56f56.system.js" Hash="6F-C3-0E-14-0A-BE-7E-0A-31-61-BF-56-98-6A-5E-59" />
  <File Name="htdocs/lib/crayons/p-bcb9e6de.system.entry.js" Hash="A4-C7-39-4F-08-FD-22-91-00-CA-D0-CF-6E-9E-D2-9E" />
  <File Name="htdocs/lib/crayons/p-c20e1529.js" Hash="30-EE-F4-74-3D-99-3A-18-7D-94-80-1F-EC-EA-FE-70" />
  <File Name="htdocs/lib/crayons/p-c21aa830.system.js" Hash="12-D6-BB-8E-8C-A2-4A-CB-24-18-81-30-D0-0F-87-C0" />
  <File Name="htdocs/lib/crayons/p-c270bbc7.entry.js" Hash="39-72-07-8D-B5-63-2C-51-E3-F0-01-CD-F0-08-1F-FF" />
  <File Name="htdocs/lib/crayons/p-c2ae8105.system.js" Hash="B2-CC-17-B8-30-62-AD-F7-5B-A0-28-E6-05-01-C8-28" />
  <File Name="htdocs/lib/crayons/p-c328ec17.js" Hash="E1-DF-18-FF-39-E8-A6-61-D8-12-EF-1D-52-F2-A3-D8" />
  <File Name="htdocs/lib/crayons/p-c43ddade.entry.js" Hash="1C-C7-58-CA-15-B7-25-CA-94-3E-31-DB-1B-34-47-A6" />
  <File Name="htdocs/lib/crayons/p-c48a647a.js" Hash="B4-E1-49-6E-38-C1-E3-D3-71-AE-49-2D-BD-A1-22-51" />
  <File Name="htdocs/lib/crayons/p-c4bdb417.entry.js" Hash="34-22-9B-50-B0-77-E2-F7-F9-95-2F-F4-5A-A9-6C-98" />
  <File Name="htdocs/lib/crayons/p-c4d07fc9.js" Hash="06-07-B2-ED-80-82-81-6F-25-4B-AC-3F-D1-79-E4-ED" />
  <File Name="htdocs/lib/crayons/p-c5e537cc.system.js" Hash="21-BD-04-76-26-B3-8C-CA-84-B2-22-B8-AC-A2-F0-24" />
  <File Name="htdocs/lib/crayons/p-c79015f5.js" Hash="BB-E8-15-9C-B1-C2-C6-4F-B2-59-79-6D-F0-DC-12-1A" />
  <File Name="htdocs/lib/crayons/p-c807d960.entry.js" Hash="B2-43-42-2E-70-29-BB-E4-12-41-70-A5-29-7C-26-46" />
  <File Name="htdocs/lib/crayons/p-c82da2a7.system.js" Hash="00-7C-83-D3-59-7F-85-EE-25-63-69-1B-C5-DD-27-CD" />
  <File Name="htdocs/lib/crayons/p-c82da2a7.system.js.LICENSE.txt" Hash="34-0E-10-9E-71-76-C0-A5-F5-61-FA-42-DC-A1-0D-1A" />
  <File Name="htdocs/lib/crayons/p-c83076b2.entry.js" Hash="28-EE-5A-16-22-C5-34-67-7B-A3-7A-C4-04-0F-A6-E7" />
  <File Name="htdocs/lib/crayons/p-c87d4a3c.js" Hash="F0-69-F3-05-C0-1F-54-D5-1A-13-B0-33-11-92-F4-51" />
  <File Name="htdocs/lib/crayons/p-c8c96517.system.js" Hash="52-49-AD-65-C2-2E-8B-A0-5E-6C-58-A4-9E-FB-42-BD" />
  <File Name="htdocs/lib/crayons/p-c8c96517.system.js.LICENSE.txt" Hash="5D-01-AB-C5-85-F7-66-88-C8-0E-1F-81-EC-FE-8F-36" />
  <File Name="htdocs/lib/crayons/p-c94fad96.system.js" Hash="1E-09-2D-10-C7-41-14-25-9D-B4-13-5F-09-C4-A8-C8" />
  <File Name="htdocs/lib/crayons/p-ca5df7a0.js" Hash="3D-91-26-32-69-93-90-8E-E7-3E-47-9F-A3-0A-8A-12" />
  <File Name="htdocs/lib/crayons/p-ca7da066.system.entry.js" Hash="D2-C0-FB-B5-C9-9B-7C-9A-B0-15-20-5C-6A-3E-43-D4" />
  <File Name="htdocs/lib/crayons/p-ccd4924e.entry.js" Hash="1A-66-1E-35-98-FE-28-07-ED-52-31-9F-70-5F-50-7D" />
  <File Name="htdocs/lib/crayons/p-cd1d2323.system.js" Hash="39-1B-11-4C-57-61-63-AF-7E-4A-80-DF-BB-32-12-42" />
  <File Name="htdocs/lib/crayons/p-cd35f78a.entry.js" Hash="7F-73-CF-FE-B7-31-C0-0D-35-7F-3A-24-E7-EC-5E-29" />
  <File Name="htdocs/lib/crayons/p-ce342f70.js" Hash="D2-14-6C-8E-16-94-13-B5-D4-44-E6-4F-E4-2C-7D-9B" />
  <File Name="htdocs/lib/crayons/p-cea315e2.entry.js" Hash="E2-39-59-EF-B6-AB-F3-BE-C8-E5-2F-E5-FF-D3-FB-38" />
  <File Name="htdocs/lib/crayons/p-cee7dcc8.js" Hash="50-A7-00-A8-E8-47-4A-08-CC-4A-75-34-A6-46-F3-8A" />
  <File Name="htdocs/lib/crayons/p-cf18a33a.js" Hash="95-E6-A9-BA-33-79-54-05-92-FE-C2-64-A4-AE-F8-AB" />
  <File Name="htdocs/lib/crayons/p-cf6c46cc.system.js" Hash="DC-83-4E-63-37-66-58-3C-C8-D7-15-09-91-D6-5B-FC" />
  <File Name="htdocs/lib/crayons/p-cf8ce83e.js" Hash="20-9F-5D-FB-42-4A-4B-9D-1E-78-D4-57-FD-DF-E0-F8" />
  <File Name="htdocs/lib/crayons/p-cff4164c.system.js" Hash="DB-49-BA-F7-98-0D-58-4A-A6-BE-98-90-FD-16-D4-68" />
  <File Name="htdocs/lib/crayons/p-d0bbf221.js" Hash="7A-99-BD-98-6E-3E-EE-82-0F-8B-97-90-EA-49-F4-7A" />
  <File Name="htdocs/lib/crayons/p-d1582cff.js" Hash="1A-32-E6-33-3C-32-39-A7-90-1A-8C-D8-D6-D0-AD-92" />
  <File Name="htdocs/lib/crayons/p-d1582cff.js.LICENSE.txt" Hash="90-B6-B1-56-A5-F6-28-10-ED-DC-91-89-AE-0E-43-D4" />
  <File Name="htdocs/lib/crayons/p-d18781c6.system.js" Hash="3B-95-51-63-A9-57-5C-96-D0-2A-BA-C1-B4-4F-9B-5E" />
  <File Name="htdocs/lib/crayons/p-d188eb9d.entry.js" Hash="93-AF-BC-DA-CF-B1-D9-05-19-DA-74-F7-99-DF-30-C7" />
  <File Name="htdocs/lib/crayons/p-d2687af4.system.js" Hash="10-90-16-B2-FE-FC-A0-93-4C-FA-36-D7-BA-AE-0E-6C" />
  <File Name="htdocs/lib/crayons/p-d2a8b359.entry.js" Hash="40-8D-F5-C5-4D-44-3B-D1-97-C7-96-9B-71-9F-55-A5" />
  <File Name="htdocs/lib/crayons/p-d4599615.js" Hash="15-77-54-DB-2D-D3-12-37-94-4B-7C-68-64-24-9D-00" />
  <File Name="htdocs/lib/crayons/p-d4c6e1dc.js" Hash="8B-7E-54-43-75-8C-67-67-EF-74-A9-1C-9C-79-A4-97" />
  <File Name="htdocs/lib/crayons/p-d534b588.system.js" Hash="E9-8D-9F-B0-D1-5A-5F-5A-DD-F5-02-49-16-24-D4-14" />
  <File Name="htdocs/lib/crayons/p-d53ff545.js" Hash="CD-1C-91-F7-46-92-07-28-DE-73-A1-F6-43-71-58-34" />
  <File Name="htdocs/lib/crayons/p-d5540224.js" Hash="FA-AF-7C-A2-0D-43-34-C9-B9-9F-3B-69-54-7F-FB-2D" />
  <File Name="htdocs/lib/crayons/p-d6717511.system.js" Hash="90-12-C8-AE-F3-D9-48-C6-F0-4A-E0-61-33-37-68-57" />
  <File Name="htdocs/lib/crayons/p-d6a83339.js" Hash="30-5B-F8-ED-CB-A8-68-CF-1A-B3-98-DF-22-57-B2-82" />
  <File Name="htdocs/lib/crayons/p-d6a83339.js.LICENSE.txt" Hash="0B-55-D4-55-E0-D9-2E-C7-83-7E-E9-DD-08-85-5A-DD" />
  <File Name="htdocs/lib/crayons/p-d7293421.js" Hash="54-C3-AD-84-3A-5B-D2-01-72-0D-B3-DA-2A-A6-31-D8" />
  <File Name="htdocs/lib/crayons/p-d74d0fc8.system.js" Hash="3A-5E-9E-88-B4-AB-74-8B-2C-28-6A-F6-07-53-30-89" />
  <File Name="htdocs/lib/crayons/p-d85e5927.js" Hash="EA-0A-04-DD-B8-93-C4-58-2F-D4-F2-B8-B2-87-F2-A9" />
  <File Name="htdocs/lib/crayons/p-da3480fb.js" Hash="C9-61-E5-B0-D1-3A-0D-B0-A3-B1-1B-44-AB-D5-83-98" />
  <File Name="htdocs/lib/crayons/p-da558c5a.js" Hash="1A-55-9B-9E-A2-CE-02-7F-F0-12-D9-AD-FE-BF-D2-80" />
  <File Name="htdocs/lib/crayons/p-dac2b362.js" Hash="79-7E-B3-2F-05-A3-9D-32-A6-F0-E8-CA-CE-43-82-65" />
  <File Name="htdocs/lib/crayons/p-daeb2d90.js" Hash="31-0D-A7-5A-EB-B7-9A-DB-5A-E1-21-1F-7A-9C-F4-76" />
  <File Name="htdocs/lib/crayons/p-db624803.system.js" Hash="24-61-15-6F-2E-13-17-80-1E-7D-7B-40-9D-4E-DC-66" />
  <File Name="htdocs/lib/crayons/p-dc7f76b0.system.entry.js" Hash="FF-AB-D5-89-74-92-E8-0E-0A-7B-D7-88-19-72-84-A5" />
  <File Name="htdocs/lib/crayons/p-dd4c2f15.system.js" Hash="5B-2D-52-2D-5A-20-ED-22-49-6C-2E-82-D4-C1-50-1F" />
  <File Name="htdocs/lib/crayons/p-dd7e2241.js" Hash="71-93-BD-12-E0-1F-80-98-76-83-7E-AE-FF-54-32-2D" />
  <File Name="htdocs/lib/crayons/p-ddce4778.system.js" Hash="60-78-87-4F-CF-99-44-BE-D0-EB-F0-18-CA-22-96-4A" />
  <File Name="htdocs/lib/crayons/p-de141c6d.entry.js" Hash="77-DC-9B-35-3D-C0-E6-8F-6E-30-AD-64-55-65-D3-D3" />
  <File Name="htdocs/lib/crayons/p-dea85efc.js" Hash="37-BB-02-38-CB-5E-61-31-BC-37-61-2A-0A-FC-15-10" />
  <File Name="htdocs/lib/crayons/p-df74f2e5.system.js" Hash="DA-B5-AD-5E-EF-A3-18-D0-10-E2-98-AB-55-A6-66-B4" />
  <File Name="htdocs/lib/crayons/p-e08019f7.system.js" Hash="69-82-E7-45-05-C6-C8-C7-EB-3C-3B-BB-5B-14-30-0C" />
  <File Name="htdocs/lib/crayons/p-e0819bea.js" Hash="BF-23-6C-8C-6B-43-BC-C0-5B-7B-1C-F0-3C-34-79-CA" />
  <File Name="htdocs/lib/crayons/p-e09a35a6.system.js" Hash="CE-58-CA-F6-86-C5-87-C2-7D-8B-70-45-E2-2F-ED-5E" />
  <File Name="htdocs/lib/crayons/p-e2069eba.js" Hash="AB-49-14-43-B1-9A-9A-EA-AC-74-40-27-CC-2A-91-3A" />
  <File Name="htdocs/lib/crayons/p-e2531c90.system.js" Hash="A3-72-85-1B-33-87-7B-DD-0A-50-7C-67-77-F1-E8-78" />
  <File Name="htdocs/lib/crayons/p-e3371cd6.js" Hash="67-B3-C5-BE-93-89-C5-25-55-1E-79-B6-6D-B4-68-D9" />
  <File Name="htdocs/lib/crayons/p-e3428f65.js" Hash="C9-2F-0A-41-65-7D-9C-C1-F8-F9-5C-CD-77-F3-35-32" />
  <File Name="htdocs/lib/crayons/p-e4bc8d73.system.js" Hash="02-17-5C-8C-29-AF-0A-62-5B-37-2E-FA-4A-36-F9-B6" />
  <File Name="htdocs/lib/crayons/p-e52c78ef.entry.js" Hash="CE-62-08-6C-97-62-B3-C2-8A-84-6D-2A-ED-49-16-84" />
  <File Name="htdocs/lib/crayons/p-e5a5cddb.system.js" Hash="0A-C4-6E-AC-DD-E9-1D-A9-EE-E7-F6-C0-2B-9A-7E-A3" />
  <File Name="htdocs/lib/crayons/p-e61b4569.js" Hash="94-B3-F6-33-03-AC-03-BE-DF-83-B0-CB-92-41-D2-10" />
  <File Name="htdocs/lib/crayons/p-e61f3bb3.js" Hash="F0-2E-27-C1-CC-B6-9E-1D-FA-4B-E1-EC-6D-2A-9E-79" />
  <File Name="htdocs/lib/crayons/p-e6d73809.system.js" Hash="99-9B-96-26-22-72-78-B0-E0-5A-8E-84-74-3F-FB-4B" />
  <File Name="htdocs/lib/crayons/p-e70ba1b6.system.entry.js" Hash="67-10-16-BE-1A-8C-A4-11-76-5D-A7-3C-0C-20-52-6F" />
  <File Name="htdocs/lib/crayons/p-e81ba2f6.entry.js" Hash="D5-85-1A-6E-67-58-D4-8A-7A-21-AD-07-E0-3A-80-AE" />
  <File Name="htdocs/lib/crayons/p-ec87fdf0.system.js" Hash="13-9E-EB-FA-FB-06-CF-43-D1-ED-6A-69-CB-66-04-4B" />
  <File Name="htdocs/lib/crayons/p-ec98d6d7.system.js" Hash="7B-55-99-E4-BE-83-97-A6-40-4D-D5-96-3D-10-24-5B" />
  <File Name="htdocs/lib/crayons/p-ed149d38.system.js" Hash="16-8D-A4-E4-90-20-B7-22-B0-DB-99-E0-28-82-05-D8" />
  <File Name="htdocs/lib/crayons/p-ede4222c.entry.js" Hash="91-9C-FF-EB-97-3E-E6-95-69-A4-BD-8A-BF-90-86-0E" />
  <File Name="htdocs/lib/crayons/p-ee1bdad1.js" Hash="99-F8-C5-54-D1-F6-9B-49-A8-85-4C-BC-A6-D7-14-0E" />
  <File Name="htdocs/lib/crayons/p-ef50b900.system.js" Hash="71-A5-B7-DF-94-1E-9C-F3-D4-84-0B-0B-F6-B4-21-6A" />
  <File Name="htdocs/lib/crayons/p-ef69aec3.js" Hash="6A-2C-51-40-40-ED-22-F2-12-7A-C5-2A-93-F1-F4-9A" />
  <File Name="htdocs/lib/crayons/p-f0666c70.js" Hash="F4-1D-AE-B1-BF-F7-EF-27-A1-E3-79-FA-45-8D-7D-48" />
  <File Name="htdocs/lib/crayons/p-f0da6985.js" Hash="95-CF-10-BE-B5-BC-C2-97-F2-FC-8D-2C-37-3A-9C-83" />
  <File Name="htdocs/lib/crayons/p-f0ee0980.system.js" Hash="99-25-3C-40-1F-63-8D-E6-E6-F8-0B-18-64-56-D5-81" />
  <File Name="htdocs/lib/crayons/p-f0f83119.system.js" Hash="6B-06-37-D5-CC-63-11-AC-1E-9E-6A-19-04-BF-20-5D" />
  <File Name="htdocs/lib/crayons/p-f141cdcd.js" Hash="01-5C-9B-0D-23-97-5B-FA-14-DC-61-7C-0C-63-36-81" />
  <File Name="htdocs/lib/crayons/p-f184f1b9.js" Hash="67-21-D8-DD-DD-4B-DB-27-A0-B1-F8-57-69-79-55-82" />
  <File Name="htdocs/lib/crayons/p-f227ec11.system.js" Hash="11-C6-01-BD-A0-BE-4E-BF-4C-CE-25-3C-F1-E9-72-1F" />
  <File Name="htdocs/lib/crayons/p-f49ee387.system.js" Hash="4F-2E-8F-99-93-E1-7D-C1-73-9D-15-D2-EF-70-76-BB" />
  <File Name="htdocs/lib/crayons/p-f634fa40.js" Hash="EA-4C-51-77-A6-B5-1D-CA-57-46-F7-F3-C7-7E-6A-2A" />
  <File Name="htdocs/lib/crayons/p-f646d6e1.js" Hash="27-D6-D1-01-0B-7F-5E-6B-8A-81-BB-A0-6C-06-34-16" />
  <File Name="htdocs/lib/crayons/p-f689b48a.js" Hash="1D-E1-AF-C9-1C-CC-35-A9-B5-78-2D-82-39-11-CA-DF" />
  <File Name="htdocs/lib/crayons/p-f6a2f4ef.js" Hash="77-E9-18-E8-2D-EF-00-A6-6D-6D-5E-10-BC-9D-3B-73" />
  <File Name="htdocs/lib/crayons/p-f7242548.js" Hash="39-43-64-A8-6A-38-77-AD-59-45-4A-95-1A-6F-7F-F9" />
  <File Name="htdocs/lib/crayons/p-f74e0d56.system.js" Hash="47-97-3F-94-A1-11-6A-F9-DE-55-77-30-89-D4-5A-13" />
  <File Name="htdocs/lib/crayons/p-f8410bc0.js" Hash="4E-5F-1B-02-0A-01-EF-EE-D5-6F-64-0F-9E-92-A5-8F" />
  <File Name="htdocs/lib/crayons/p-f887c8bb.system.js" Hash="71-B5-29-25-D3-3D-49-CF-96-75-B4-AD-18-CE-A4-6B" />
  <File Name="htdocs/lib/crayons/p-f8e0db10.system.js" Hash="8A-DB-1A-78-C6-A6-EE-27-F4-50-7B-F5-C9-C5-C0-1F" />
  <File Name="htdocs/lib/crayons/p-f911fbab.system.entry.js" Hash="92-63-E1-82-0F-66-1B-BF-17-95-64-65-D6-90-97-3A" />
  <File Name="htdocs/lib/crayons/p-f91d7fc8.entry.js" Hash="77-E6-EE-15-34-2D-E3-C8-F5-90-15-C3-21-C9-5B-B9" />
  <File Name="htdocs/lib/crayons/p-f97318bf.system.entry.js" Hash="5C-F2-B7-B1-CA-CC-AB-1D-70-73-8D-35-28-4C-97-3F" />
  <File Name="htdocs/lib/crayons/p-f98a15a1.system.js" Hash="7A-6E-B0-9E-39-30-5B-63-37-51-19-3E-35-A7-04-86" />
  <File Name="htdocs/lib/crayons/p-f9d2f52b.js" Hash="B5-3A-16-30-E7-F6-4E-48-6C-EF-BC-2C-EE-EC-9E-E8" />
  <File Name="htdocs/lib/crayons/p-fae32ea2.system.entry.js" Hash="3B-3B-A3-70-B0-74-50-C6-9D-99-2E-06-2E-32-42-8B" />
  <File Name="htdocs/lib/crayons/p-fb1e5725.system.js" Hash="0C-F9-FD-E5-C1-F0-1A-90-F1-BD-D1-5A-AE-45-4B-F6" />
  <File Name="htdocs/lib/crayons/p-fc188a21.system.js" Hash="DA-82-56-B3-12-69-44-7A-8F-E4-02-E8-4D-32-C3-91" />
  <File Name="htdocs/lib/crayons/p-fd14a3ac.js" Hash="72-9A-68-1C-C0-FD-71-2B-04-DD-A1-E0-58-54-31-77" />
  <File Name="htdocs/lib/crayons/p-fdfd8211.system.js" Hash="0F-24-CF-E6-6F-31-7C-FD-D1-B1-7F-3C-F4-71-04-F4" />
  <File Name="htdocs/lib/crayons/p-fef08156.system.js" Hash="75-E8-80-F3-79-83-30-1F-1F-AA-3D-E3-4A-55-57-67" />
  <File Name="htdocs/lib/dateformat.js" Hash="0B-93-09-5F-36-45-CD-A0-EC-8D-86-2B-B9-EB-1A-7F" />
  <File Name="htdocs/lib/datepicker.js" Hash="4D-A7-3E-96-73-51-C3-4F-84-51-8B-BC-61-86-B2-26" />
  <File Name="htdocs/lib/drag.js" Hash="38-C3-24-27-09-51-BE-F7-3F-27-DA-4C-D2-0C-83-B9" />
  <File Name="htdocs/lib/echarts.js" Hash="5B-E2-B8-A1-1F-B6-19-9E-97-E1-97-E2-66-04-D4-2E" />
  <File Name="htdocs/lib/echarts.js.LICENSE.txt" Hash="0C-8A-67-69-69-AD-21-20-CF-61-33-F0-7F-56-4C-15" />
  <File Name="htdocs/lib/formating.js" Hash="2C-92-D7-E2-18-43-D6-CE-A1-5D-4C-A7-7B-30-B0-7D" />
  <File Name="htdocs/lib/i18next.min.js" Hash="B5-6E-DB-16-3E-7A-C4-00-B3-C8-ED-8A-BF-8E-0B-2F" />
  <File Name="htdocs/lib/inputs.js" Hash="D7-30-60-15-25-13-45-E3-EC-C9-26-F1-54-1F-AE-DD" />
  <File Name="htdocs/lib/interact.js" Hash="DF-57-4A-C9-0D-56-4B-81-3F-9C-80-39-85-0D-40-62" />
  <File Name="htdocs/lib/Leaflet-DonutCluster.js" Hash="33-71-04-51-90-68-11-7A-43-F7-CC-04-13-E9-84-17" />
  <File Name="htdocs/lib/leaflet-markercluster-src.js" Hash="2D-4D-4A-3D-C3-62-DA-00-1E-21-F0-F0-A6-40-21-78" />
  <File Name="htdocs/lib/leaflet-src-esm.js" Hash="5C-1B-10-5B-CE-D7-FC-97-4A-94-F6-2C-1D-A1-CC-50" />
  <File Name="htdocs/lib/leaflet-src-esm.js.LICENSE.txt" Hash="B7-97-F8-B8-9D-33-E6-33-85-5B-49-5B-19-1B-20-BD" />
  <File Name="htdocs/lib/smask.js" Hash="C1-9F-1A-CB-B0-7A-5C-F4-5D-48-A6-29-C1-BF-7A-AD" />
  <File Name="htdocs/lib/tabulator.js" Hash="9E-2D-7B-1E-28-EC-87-12-51-87-58-7F-A3-60-A7-B6" />
  <File Name="htdocs/lib/utils.js" Hash="88-87-A9-A9-85-85-4C-A1-32-17-17-B0-64-99-98-69" />
  <File Name="htdocs/main.bundle.js" Hash="A9-7C-90-53-29-B6-EF-76-5D-58-20-3E-CC-63-03-A1" />
  <File Name="htdocs/main.bundle.js.LICENSE.txt" Hash="D0-38-58-11-3B-F7-50-A9-7B-32-D1-B0-16-1D-08-56" />
  <File Name="htdocs/main.bundle.js.map" Hash="8F-06-CC-28-94-4D-AC-69-42-5E-9B-F4-98-83-0D-98" />
  <File Name="htdocs/screentask/common.js" Hash="41-DD-21-D4-A3-54-C4-EC-98-88-2C-D6-5E-A2-BE-A4" />
  <File Name="htdocs/screentask/SoundService.js" Hash="83-AF-ED-2C-D5-3A-FB-7A-02-97-E7-27-4E-A2-C1-B7" />
  <File Name="htdocs/screentask/standardFB.js" Hash="81-5A-BD-CF-BE-B5-16-16-6F-21-DE-33-EB-E6-32-21" />
  <File Name="htdocs/screentask/standardFunctions.js" Hash="C9-87-4A-7C-88-1F-07-59-A9-01-0B-23-65-43-74-39" />
  <File Name="htdocs/screentask/TaskManager.js" Hash="E1-38-21-28-A3-6B-DD-D7-36-35-C0-3F-27-07-D6-3D" />
  <File Name="htdocs/screentask/TaskWrapper.js" Hash="CC-C3-CE-A3-E3-7F-86-A6-EC-00-BF-83-57-98-92-7A" />
  <File Name="htdocs/styles/border.css" Hash="43-B7-17-27-CB-D2-00-D7-53-35-09-8B-B7-34-B1-59" />
  <File Name="htdocs/styles/close.svg" Hash="02-8D-9C-52-FD-8E-FD-FE-2C-4E-32-94-0D-97-22-84" />
  <File Name="htdocs/styles/combobox-list.css" Hash="FB-46-49-D4-F0-42-8C-60-51-47-23-1F-01-06-F7-C8" />
  <File Name="htdocs/styles/data_ico.svg" Hash="28-FB-34-73-B9-DF-79-A7-9E-5A-25-FD-92-8A-C2-B9" />
  <File Name="htdocs/styles/datepicker.css" Hash="FC-EA-B7-88-89-97-61-E8-D9-1B-58-98-5F-B0-E2-51" />
  <File Name="htdocs/styles/fonts/hj.svg" Hash="F7-A5-C9-A7-E1-98-31-40-B1-BD-74-EE-D8-03-BA-74" />
  <File Name="htdocs/styles/fonts/hj.ttf" Hash="53-65-F2-58-0C-D7-32-D8-A9-49-97-15-CE-9D-FD-EF" />
  <File Name="htdocs/styles/fonts/hj.woff" Hash="60-51-11-44-4B-C3-62-5F-78-00-98-9E-37-B6-E1-D5" />
  <File Name="htdocs/styles/info.svg" Hash="5C-8E-40-A3-AD-90-1B-2F-7F-31-BA-CC-42-9E-21-39" />
  <File Name="htdocs/styles/main.css" Hash="64-55-F6-58-90-FA-6B-00-A4-5F-0E-86-4C-FC-23-97" />
  <File Name="htdocs/styles/map/images/layers-2x.png" Hash="4F-02-83-C6-CE-28-E8-88-00-0E-97-8E-53-7A-6A-56" />
  <File Name="htdocs/styles/map/images/layers.png" Hash="A6-13-74-56-ED-16-0D-76-06-98-1A-A5-7C-55-98-98" />
  <File Name="htdocs/styles/map/images/marker-icon-2x.png" Hash="40-1D-81-5D-C2-06-B8-DC-1B-17-CD-0E-37-69-59-75" />
  <File Name="htdocs/styles/map/images/marker-icon.png" Hash="22-73-E3-D8-AD-92-64-B7-DA-A5-BD-BF-8E-6B-47-F8" />
  <File Name="htdocs/styles/map/images/marker-shadow.png" Hash="44-A5-26-EE-D2-58-22-25-15-AA-21-EA-FF-D1-4A-96" />
  <File Name="htdocs/styles/map/Leaflet-DonutCluster.css" Hash="5E-79-82-14-19-8A-90-23-24-08-7A-D5-ED-5D-7E-0E" />
  <File Name="htdocs/styles/map/leaflet.css" Hash="5B-CD-1D-50-61-C0-14-2B-45-25-20-C0-83-02-5A-A8" />
  <File Name="htdocs/styles/map/MarkerCluster-Default.css" Hash="BD-39-E9-C8-89-2D-87-2E-BE-15-FF-C2-16-32-88-AD" />
  <File Name="htdocs/styles/map/MarkerCluster.css" Hash="E9-3C-23-ED-32-6C-23-F5-FD-D1-04-92-21-C6-08-2A" />
  <File Name="htdocs/styles/preloader.svg" Hash="3F-64-37-8B-62-1C-80-6B-C8-BC-A4-E9-E4-EB-6E-D3" />
  <File Name="htdocs/styles/styleTabulator.js" Hash="E0-63-CF-30-A8-80-BA-70-93-0E-C5-B6-CD-69-FF-38" />
  <File Name="htdocs/styles/tooltip.css" Hash="6E-9B-09-8F-8B-96-E7-C4-D9-78-EC-23-D3-0F-AD-5B" />
  <File Name="htdocs/VMInfo.json" Hash="E3-7F-7E-8A-53-E9-CD-4E-33-FC-06-22-6E-EF-27-7E" />
  <File Name="htdocs/VMJournals.json" Hash="07-94-CD-6A-5B-ED-4C-C3-D4-EC-CC-AF-F9-11-C5-25" />
</Files>