{"ProjectId":"7a09cfea-1f13-4960-b2cb-e0fc385171be","ProjectName":"project","NodeName":"Workstation 1","HasVisualization":true,"DataArchives":["data.db"],"EventArchives":["EventsData.db"],"VersionEditsInfo":{"Version number":"19","Last modified date":"12.03.2025 22:58:47.367","IDEVersion":"1.3.7.22539","IDEFullVersion":"1.3.7.22539(1.3.7_20250119.1)"},"OptionsParametersInfo":{"PLC_OPTION_DB":"False","PLC_OPTION_RESERV":"False","PLC_OPTION_INTEGRATION":"False","PLC_OPTION_CSHARP":"False","PLC_OPTION_GIS":"False","PLC_OPTION_TRN":"False","PLC_OPTION_CATALOG":"False","PLC_OPTION_SECURITY":"False","PLC_OPTION_OTHER_CONTROLLER":"False","PLC_OPTION_IEC61850_SERVER":"False","PLC_OPTION_FB_JSON":"False","PLC_OPTION_FB_ARCHIVE":"False","PLC_OPTION_FB_COMPORT":"False","PLC_OPTION_FB_FILES":"False","PLC_OPTION_FB_PROCESS":"False","PLC_OPTION_FB_SEND":"False","PLC_OPTION_DB_AVADS_SA":"False","PLC_OPTION_DIGITAL_TWIN":"False","PLC_OPTION_CLICKHOUSE":"False","Driver61850":"","DriverIEC104":"","DriverMQTT":"","DriverSNMP":"","InstancesLimit":"","InstancesStart":"","LicNumber":"","Mercury230":"","DriverSET4":"","DriverEnergomera":"","DriverVKT7_9":"","DriverPulsar":"","DriverMKTS":"","DriverSiemensPLC":"","DriverOmron":"","DriverEthernetIP":"","DriverMitsubishi":"","DriverBACnet":"","DriverHelvar":"","DriverDLMS":"","DriverLogica":"","DriverTEM":"","DriverTBN":"","DriverRasko":"","DriverElemer":"","DriverVzljot":"","DriverEsko":"","DriverCANOPEN":"","DriverRTSP":"","BMS_FOLDERS":"","BMS_OBJECTS":"","BMS_UNITS":"","BMS_OPTION_SCHEMA":"","BMS_OPTION_VENT":"","BMS_OPTION_HEAT":"","BMS_OPTION_WATER":"","BMS_OPTION_RECORD":"","BMS_OPTION_COND":"","BMS_OPTION_FREEZE":"","BMS_OPTION_LIGHT":"","BMS_OPTION_POWER":"","BMS_OPTION_BIM":"","M_M_ITK_S":"","MQTTEvents":"","PLCConnectionsLimit":"0","SessionsLimit":""}}