{"projectTree":[{"Name":"System","TranslitedName":"SystemRoot","ID":4,"Type":"Folder","Childs":[{"Name":"Workstation 1","TranslitedName":"Workstation_1","ID":58138,"Type":"Controller","Childs":[{"Name":"Reports","TranslitedName":"Reports","Type":"Folder","Childs":[]},{"Name":"Archives","TranslitedName":"Archives","ID":58220,"Type":"Folder","Childs":[{"Name":"Main data archive","TranslitedName":"MainArchive","ID":58221,"Type":"Folder","Childs":[]},{"Name":"Main events archive","TranslitedName":"MainEventsArchive","ID":58248,"Type":"Folder","Childs":[]}]}]}]},{"TaskIdx":-1,"Permissions":{"Groups":{"_All":"aaa"}},"Name":"Security","TranslitedName":"SecurityRoot","ID":5,"Type":"Object","Childs":[]},{"Name":"Objects","TranslitedName":"ObjectRoot","ID":87,"Type":"Folder","Childs":[{"Name":"Object 1","TranslitedName":"Object_1","ID":58003,"Type":"Object","Childs":[]}]}],"types":[],"alarmTypes":{"AlarmCondition":{"Name":"AlarmCondition","ID":3957},"AuditEvent":{"Name":"AuditEvent","ID":3947},"BaseAlarm":{"Name":"BaseAlarm","ID":3992},"LimitAlarm":{"Name":"LimitAlarm","ID":3976},"RateOfChangeAlarm":{"Name":"RateOfChangeAlarm","ID":3988},"SnmpTrapMessage":{"Name":"SnmpTrapMessage","ID":55049},"SystemAuditEvent":{"Name":"SystemAuditEvent","ID":4000},"SystemEvent":{"Name":"SystemEvent","ID":3996}},"tasks":[{"ID":58270,"LuaName":"Main_task_58270_Main"}],"controllers":[],"projectInfo":{"ProjectName":"project","ProjectId":"7a09cfea-1f13-4960-b2cb-e0fc385171be","ControllerId":58138,"ControllerName":"Workstation 1","ProjectVersion":"19","ProjectChange":"2025-03-12T22:58:47.3671330-07:00"}}