{"projectTree":[{"Name":"System","TranslitedName":"SystemRoot","ID":4,"Type":"Folder","Childs":[{"Name":"Workstation 1","TranslitedName":"Workstation_1","ID":58138,"Type":"Controller","Childs":[{"Name":"Archives","TranslitedName":"Archives","ID":58220,"Type":"Folder","Childs":[{"Name":"Main data archive","TranslitedName":"MainArchive","ID":58221,"Type":"Folder","Childs":[]},{"Name":"Main events archive","TranslitedName":"MainEventsArchive","ID":58248,"Type":"Folder","Childs":[]}]}]}]},{"TaskIdx":-1,"Name":"Security","TranslitedName":"SecurityRoot","ID":5,"Type":"Object","Childs":[]},{"Name":"Objects","TranslitedName":"ObjectRoot","ID":87,"Type":"Folder","Childs":[{"Name":"Object 1","TranslitedName":"Object_1","ID":58003,"Type":"Object","Childs":[]}]}]}